{
  "name": "domain49",
  "issuesValues": {
    "issueA": {
      "values": [
        "valueA",
        "valueB",
        "valueC",
        "valueD",
        "valueE",
        "valueF",
        "valueG",
        "valueH",
        "valueI",
        "valueJ",
        "valueK",
        "valueL",
        "valueM",
        "valueN",
        "valueO",
        "valueP",
        "valueQ",
        "valueR",
        "valueS",
        "valueT",
        "valueU",
        "valueV",
        "valueW"
      ]
    },
    "issueB": {
      "values": [
        "valueA",
        "valueB",
        "valueC",
        "valueD",
        "valueE",
        "valueF",
        "valueG",
        "valueH"
      ]
    },
    "issueC": {
      "values": [
        "valueA",
        "valueB"
      ]
    },
    "issueD": {
      "values": [
        "valueA",
        "valueB",
        "valueC",
        "valueD",
        "valueE",
        "valueF",
        "valueG",
        "valueH",
        "valueI",
        "valueJ"
      ]
    },
    "issueE": {
      "values": [
        "valueA",
        "valueB"
      ]
    }
  }
}