{
  "LinearAdditiveUtilitySpace": {
    "issueUtilities": {
      "issueA": {
        "DiscreteValueSetUtilities": {
          "valueUtilities": {
            "valueA": 0.0,
            "valueB": 1.0
          }
        }
      },
      "issueB": {
        "DiscreteValueSetUtilities": {
          "valueUtilities": {
            "valueA": 0.0,
            "valueB": 0.35526,
            "valueC": 1.0
          }
        }
      },
      "issueC": {
        "DiscreteValueSetUtilities": {
          "valueUtilities": {
            "valueA": 0.0,
            "valueB": 1.0
          }
        }
      },
      "issueD": {
        "DiscreteValueSetUtilities": {
          "valueUtilities": {
            "valueA": 0.0,
            "valueB": 1.0
          }
        }
      },
      "issueE": {
        "DiscreteValueSetUtilities": {
          "valueUtilities": {
            "valueA": 0.0,
            "valueB": 1.0
          }
        }
      },
      "issueF": {
        "DiscreteValueSetUtilities": {
          "valueUtilities": {
            "valueA": 1.0,
            "valueB": 0.02679,
            "valueC": 0.0
          }
        }
      },
      "issueG": {
        "DiscreteValueSetUtilities": {
          "valueUtilities": {
            "valueA": 1.0,
            "valueB": 0.4713,
            "valueC": 0.0
          }
        }
      }
    },
    "issueWeights": {
      "issueA": 0.15631,
      "issueB": 0.23994,
      "issueC": 0.04163,
      "issueD": 0.05652,
      "issueE": 0.08872,
      "issueF": 0.40693,
      "issueG": 0.00995
    },
    "domain": {
      "name": "domain09",
      "issuesValues": {
        "issueA": {
          "values": [
            "valueA",
            "valueB"
          ]
        },
        "issueB": {
          "values": [
            "valueA",
            "valueB",
            "valueC"
          ]
        },
        "issueC": {
          "values": [
            "valueA",
            "valueB"
          ]
        },
        "issueD": {
          "values": [
            "valueA",
            "valueB"
          ]
        },
        "issueE": {
          "values": [
            "valueA",
            "valueB"
          ]
        },
        "issueF": {
          "values": [
            "valueA",
            "valueB",
            "valueC"
          ]
        },
        "issueG": {
          "values": [
            "valueA",
            "valueB",
            "valueC"
          ]
        }
      }
    },
    "name": "profileA"
  }
}