{
  "LinearAdditiveUtilitySpace": {
    "issueUtilities": {
      "issueA": {
        "DiscreteValueSetUtilities": {
          "valueUtilities": {
            "valueA": 0.91748,
            "valueB": 0.26856,
            "valueC": 0.38091,
            "valueD": 0.0,
            "valueE": 0.75045,
            "valueF": 0.73704,
            "valueG": 0.71363,
            "valueH": 1.0
          }
        }
      },
      "issueB": {
        "DiscreteValueSetUtilities": {
          "valueUtilities": {
            "valueA": 0.00327,
            "valueB": 1.0,
            "valueC": 0.0,
            "valueD": 0.33737
          }
        }
      },
      "issueC": {
        "DiscreteValueSetUtilities": {
          "valueUtilities": {
            "valueA": 0.0,
            "valueB": 0.06194,
            "valueC": 0.30947,
            "valueD": 0.55008,
            "valueE": 0.30092,
            "valueF": 0.47391,
            "valueG": 0.38942,
            "valueH": 0.38837,
            "valueI": 0.51888,
            "valueJ": 0.50796,
            "valueK": 0.04509,
            "valueL": 0.61638,
            "valueM": 1.0,
            "valueN": 0.62661
          }
        }
      },
      "issueD": {
        "DiscreteValueSetUtilities": {
          "valueUtilities": {
            "valueA": 0.18622,
            "valueB": 0.0,
            "valueC": 0.71202,
            "valueD": 0.40707,
            "valueE": 0.16647,
            "valueF": 1.0,
            "valueG": 0.7162
          }
        }
      }
    },
    "issueWeights": {
      "issueA": 0.09534,
      "issueB": 0.00898,
      "issueC": 0.59264,
      "issueD": 0.30304
    },
    "domain": {
      "name": "domain05",
      "issuesValues": {
        "issueA": {
          "values": [
            "valueA",
            "valueB",
            "valueC",
            "valueD",
            "valueE",
            "valueF",
            "valueG",
            "valueH"
          ]
        },
        "issueB": {
          "values": [
            "valueA",
            "valueB",
            "valueC",
            "valueD"
          ]
        },
        "issueC": {
          "values": [
            "valueA",
            "valueB",
            "valueC",
            "valueD",
            "valueE",
            "valueF",
            "valueG",
            "valueH",
            "valueI",
            "valueJ",
            "valueK",
            "valueL",
            "valueM",
            "valueN"
          ]
        },
        "issueD": {
          "values": [
            "valueA",
            "valueB",
            "valueC",
            "valueD",
            "valueE",
            "valueF",
            "valueG"
          ]
        }
      }
    },
    "name": "profileA"
  }
}