{
  "LinearAdditiveUtilitySpace": {
    "issueUtilities": {
      "issueA": {
        "DiscreteValueSetUtilities": {
          "valueUtilities": {
            "valueA": 1.0,
            "valueB": 0.0
          }
        }
      },
      "issueB": {
        "DiscreteValueSetUtilities": {
          "valueUtilities": {
            "valueA": 1.0,
            "valueB": 0.0,
            "valueC": 0.106
          }
        }
      },
      "issueC": {
        "DiscreteValueSetUtilities": {
          "valueUtilities": {
            "valueA": 1.0,
            "valueB": 0.0
          }
        }
      },
      "issueD": {
        "DiscreteValueSetUtilities": {
          "valueUtilities": {
            "valueA": 0.0,
            "valueB": 1.0
          }
        }
      },
      "issueE": {
        "DiscreteValueSetUtilities": {
          "valueUtilities": {
            "valueA": 1.0,
            "valueB": 0.13599,
            "valueC": 0.04515,
            "valueD": 0.76991,
            "valueE": 0.0,
            "valueF": 0.83632,
            "valueG": 0.3341,
            "valueH": 0.38856,
            "valueI": 0.25668,
            "valueJ": 0.16972,
            "valueK": 0.74123
          }
        }
      },
      "issueF": {
        "DiscreteValueSetUtilities": {
          "valueUtilities": {
            "valueA": 0.0,
            "valueB": 1.0
          }
        }
      }
    },
    "issueWeights": {
      "issueA": 0.03399,
      "issueB": 0.28419,
      "issueC": 0.41278,
      "issueD": 0.21081,
      "issueE": 0.04964,
      "issueF": 0.00859
    },
    "domain": {
      "name": "domain44",
      "issuesValues": {
        "issueA": {
          "values": [
            "valueA",
            "valueB"
          ]
        },
        "issueB": {
          "values": [
            "valueA",
            "valueB",
            "valueC"
          ]
        },
        "issueC": {
          "values": [
            "valueA",
            "valueB"
          ]
        },
        "issueD": {
          "values": [
            "valueA",
            "valueB"
          ]
        },
        "issueE": {
          "values": [
            "valueA",
            "valueB",
            "valueC",
            "valueD",
            "valueE",
            "valueF",
            "valueG",
            "valueH",
            "valueI",
            "valueJ",
            "valueK"
          ]
        },
        "issueF": {
          "values": [
            "valueA",
            "valueB"
          ]
        }
      }
    },
    "name": "profileB"
  }
}