{
  "LinearAdditiveUtilitySpace": {
    "issueUtilities": {
      "issueA": {
        "DiscreteValueSetUtilities": {
          "valueUtilities": {
            "valueA": 0.76223,
            "valueB": 0.12063,
            "valueC": 0.59609,
            "valueD": 0.06709,
            "valueE": 0.07499,
            "valueF": 0.52284,
            "valueG": 0.04226,
            "valueH": 0.9156,
            "valueI": 0.48233,
            "valueJ": 0.28534,
            "valueK": 0.02489,
            "valueL": 0.18791,
            "valueM": 0.0,
            "valueN": 0.15796,
            "valueO": 0.39437,
            "valueP": 1.0,
            "valueQ": 0.77759
          }
        }
      },
      "issueB": {
        "DiscreteValueSetUtilities": {
          "valueUtilities": {
            "valueA": 0.0,
            "valueB": 1.0,
            "valueC": 0.98985,
            "valueD": 0.00578
          }
        }
      },
      "issueC": {
        "DiscreteValueSetUtilities": {
          "valueUtilities": {
            "valueA": 1.0,
            "valueB": 0.60046,
            "valueC": 0.0,
            "valueD": 0.09683,
            "valueE": 0.12858
          }
        }
      },
      "issueD": {
        "DiscreteValueSetUtilities": {
          "valueUtilities": {
            "valueA": 0.08618,
            "valueB": 0.0,
            "valueC": 1.0
          }
        }
      },
      "issueE": {
        "DiscreteValueSetUtilities": {
          "valueUtilities": {
            "valueA": 0.0,
            "valueB": 1.0
          }
        }
      }
    },
    "issueWeights": {
      "issueA": 0.00975,
      "issueB": 0.02423,
      "issueC": 0.26318,
      "issueD": 0.28194,
      "issueE": 0.4209
    },
    "domain": {
      "name": "domain10",
      "issuesValues": {
        "issueA": {
          "values": [
            "valueA",
            "valueB",
            "valueC",
            "valueD",
            "valueE",
            "valueF",
            "valueG",
            "valueH",
            "valueI",
            "valueJ",
            "valueK",
            "valueL",
            "valueM",
            "valueN",
            "valueO",
            "valueP",
            "valueQ"
          ]
        },
        "issueB": {
          "values": [
            "valueA",
            "valueB",
            "valueC",
            "valueD"
          ]
        },
        "issueC": {
          "values": [
            "valueA",
            "valueB",
            "valueC",
            "valueD",
            "valueE"
          ]
        },
        "issueD": {
          "values": [
            "valueA",
            "valueB",
            "valueC"
          ]
        },
        "issueE": {
          "values": [
            "valueA",
            "valueB"
          ]
        }
      }
    },
    "name": "profileB"
  }
}