{
  "LinearAdditiveUtilitySpace": {
    "issueUtilities": {
      "issueA": {
        "DiscreteValueSetUtilities": {
          "valueUtilities": {
            "valueA": 1.0,
            "valueB": 0.0
          }
        }
      },
      "issueB": {
        "DiscreteValueSetUtilities": {
          "valueUtilities": {
            "valueA": 0.77602,
            "valueB": 0.20285,
            "valueC": 0.0,
            "valueD": 0.48891,
            "valueE": 0.34229,
            "valueF": 0.09854,
            "valueG": 0.05377,
            "valueH": 0.16766,
            "valueI": 0.01252,
            "valueJ": 0.03343,
            "valueK": 0.9472,
            "valueL": 1.0,
            "valueM": 0.05581,
            "valueN": 0.07658,
            "valueO": 0.50017,
            "valueP": 0.06503,
            "valueQ": 0.35383,
            "valueR": 0.10537,
            "valueS": 0.29274,
            "valueT": 0.43246,
            "valueU": 0.07341,
            "valueV": 0.03223,
            "valueW": 0.18561,
            "valueX": 0.48806
          }
        }
      },
      "issueC": {
        "DiscreteValueSetUtilities": {
          "valueUtilities": {
            "valueA": 0.47782,
            "valueB": 1.0,
            "valueC": 0.0,
            "valueD": 0.69333
          }
        }
      },
      "issueD": {
        "DiscreteValueSetUtilities": {
          "valueUtilities": {
            "valueA": 0.0,
            "valueB": 0.35457,
            "valueC": 0.09421,
            "valueD": 0.9434,
            "valueE": 0.49646,
            "valueF": 0.1479,
            "valueG": 0.79973,
            "valueH": 0.295,
            "valueI": 1.0,
            "valueJ": 0.15563,
            "valueK": 0.22102,
            "valueL": 0.22314,
            "valueM": 0.26142,
            "valueN": 0.39266,
            "valueO": 0.73104,
            "valueP": 0.20105,
            "valueQ": 0.032
          }
        }
      }
    },
    "issueWeights": {
      "issueA": 0.1781,
      "issueB": 0.51013,
      "issueC": 0.3053,
      "issueD": 0.00647
    },
    "domain": {
      "name": "domain31",
      "issuesValues": {
        "issueA": {
          "values": [
            "valueA",
            "valueB"
          ]
        },
        "issueB": {
          "values": [
            "valueA",
            "valueB",
            "valueC",
            "valueD",
            "valueE",
            "valueF",
            "valueG",
            "valueH",
            "valueI",
            "valueJ",
            "valueK",
            "valueL",
            "valueM",
            "valueN",
            "valueO",
            "valueP",
            "valueQ",
            "valueR",
            "valueS",
            "valueT",
            "valueU",
            "valueV",
            "valueW",
            "valueX"
          ]
        },
        "issueC": {
          "values": [
            "valueA",
            "valueB",
            "valueC",
            "valueD"
          ]
        },
        "issueD": {
          "values": [
            "valueA",
            "valueB",
            "valueC",
            "valueD",
            "valueE",
            "valueF",
            "valueG",
            "valueH",
            "valueI",
            "valueJ",
            "valueK",
            "valueL",
            "valueM",
            "valueN",
            "valueO",
            "valueP",
            "valueQ"
          ]
        }
      }
    },
    "name": "profileA"
  }
}