{
  "LinearAdditiveUtilitySpace": {
    "issueUtilities": {
      "issueA": {
        "DiscreteValueSetUtilities": {
          "valueUtilities": {
            "valueA": 0.05231,
            "valueB": 0.0,
            "valueC": 1.0,
            "valueD": 0.27195,
            "valueE": 0.20169,
            "valueF": 0.11119,
            "valueG": 0.2094,
            "valueH": 0.04795
          }
        }
      },
      "issueB": {
        "DiscreteValueSetUtilities": {
          "valueUtilities": {
            "valueA": 0.0,
            "valueB": 1.0
          }
        }
      },
      "issueC": {
        "DiscreteValueSetUtilities": {
          "valueUtilities": {
            "valueA": 1.0,
            "valueB": 0.0
          }
        }
      },
      "issueD": {
        "DiscreteValueSetUtilities": {
          "valueUtilities": {
            "valueA": 1.0,
            "valueB": 0.20026,
            "valueC": 0.89371,
            "valueD": 0.0,
            "valueE": 0.46858,
            "valueF": 0.18853,
            "valueG": 0.48634,
            "valueH": 0.04877
          }
        }
      },
      "issueE": {
        "DiscreteValueSetUtilities": {
          "valueUtilities": {
            "valueA": 1.0,
            "valueB": 0.0
          }
        }
      }
    },
    "issueWeights": {
      "issueA": 0.21739,
      "issueB": 0.39001,
      "issueC": 0.33929,
      "issueD": 0.00876,
      "issueE": 0.04455
    },
    "domain": {
      "name": "domain15",
      "issuesValues": {
        "issueA": {
          "values": [
            "valueA",
            "valueB",
            "valueC",
            "valueD",
            "valueE",
            "valueF",
            "valueG",
            "valueH"
          ]
        },
        "issueB": {
          "values": [
            "valueA",
            "valueB"
          ]
        },
        "issueC": {
          "values": [
            "valueA",
            "valueB"
          ]
        },
        "issueD": {
          "values": [
            "valueA",
            "valueB",
            "valueC",
            "valueD",
            "valueE",
            "valueF",
            "valueG",
            "valueH"
          ]
        },
        "issueE": {
          "values": [
            "valueA",
            "valueB"
          ]
        }
      }
    },
    "name": "profileB"
  }
}