{
  "LinearAdditiveUtilitySpace": {
    "issueUtilities": {
      "issueA": {
        "DiscreteValueSetUtilities": {
          "valueUtilities": {
            "valueA": 1.0,
            "valueB": 0.0
          }
        }
      },
      "issueB": {
        "DiscreteValueSetUtilities": {
          "valueUtilities": {
            "valueA": 1.0,
            "valueB": 0.0
          }
        }
      },
      "issueC": {
        "DiscreteValueSetUtilities": {
          "valueUtilities": {
            "valueA": 0.0,
            "valueB": 0.3145,
            "valueC": 1.0,
            "valueD": 0.11371
          }
        }
      },
      "issueD": {
        "DiscreteValueSetUtilities": {
          "valueUtilities": {
            "valueA": 0.33316,
            "valueB": 0.07352,
            "valueC": 1.0,
            "valueD": 0.0,
            "valueE": 0.41932
          }
        }
      },
      "issueE": {
        "DiscreteValueSetUtilities": {
          "valueUtilities": {
            "valueA": 0.00701,
            "valueB": 1.0,
            "valueC": 0.0,
            "valueD": 0.19745,
            "valueE": 0.46161,
            "valueF": 0.05966
          }
        }
      },
      "issueF": {
        "DiscreteValueSetUtilities": {
          "valueUtilities": {
            "valueA": 0.0,
            "valueB": 1.0
          }
        }
      }
    },
    "issueWeights": {
      "issueA": 0.24769,
      "issueB": 0.28595,
      "issueC": 0.05071,
      "issueD": 0.03938,
      "issueE": 0.05433,
      "issueF": 0.32194
    },
    "domain": {
      "name": "domain22",
      "issuesValues": {
        "issueA": {
          "values": [
            "valueA",
            "valueB"
          ]
        },
        "issueB": {
          "values": [
            "valueA",
            "valueB"
          ]
        },
        "issueC": {
          "values": [
            "valueA",
            "valueB",
            "valueC",
            "valueD"
          ]
        },
        "issueD": {
          "values": [
            "valueA",
            "valueB",
            "valueC",
            "valueD",
            "valueE"
          ]
        },
        "issueE": {
          "values": [
            "valueA",
            "valueB",
            "valueC",
            "valueD",
            "valueE",
            "valueF"
          ]
        },
        "issueF": {
          "values": [
            "valueA",
            "valueB"
          ]
        }
      }
    },
    "name": "profileA"
  }
}