{
  "LinearAdditiveUtilitySpace": {
    "issueUtilities": {
      "issueA": {
        "DiscreteValueSetUtilities": {
          "valueUtilities": {
            "valueA": 1.0,
            "valueB": 0.0,
            "valueC": 0.4772
          }
        }
      },
      "issueB": {
        "DiscreteValueSetUtilities": {
          "valueUtilities": {
            "valueA": 1.0,
            "valueB": 0.0
          }
        }
      },
      "issueC": {
        "DiscreteValueSetUtilities": {
          "valueUtilities": {
            "valueA": 1.0,
            "valueB": 0.03214,
            "valueC": 0.0
          }
        }
      },
      "issueD": {
        "DiscreteValueSetUtilities": {
          "valueUtilities": {
            "valueA": 1.0,
            "valueB": 0.36196,
            "valueC": 0.17657,
            "valueD": 0.3738,
            "valueE": 0.48411,
            "valueF": 0.0,
            "valueG": 0.35826,
            "valueH": 0.01515,
            "valueI": 0.50155,
            "valueJ": 0.0991,
            "valueK": 0.70916,
            "valueL": 0.22968,
            "valueM": 0.2173,
            "valueN": 0.30364
          }
        }
      },
      "issueE": {
        "DiscreteValueSetUtilities": {
          "valueUtilities": {
            "valueA": 1.0,
            "valueB": 0.08364,
            "valueC": 0.66272,
            "valueD": 0.30533,
            "valueE": 0.76752,
            "valueF": 0.0
          }
        }
      },
      "issueF": {
        "DiscreteValueSetUtilities": {
          "valueUtilities": {
            "valueA": 1.0,
            "valueB": 0.1199,
            "valueC": 0.24073,
            "valueD": 0.0
          }
        }
      }
    },
    "issueWeights": {
      "issueA": 0.10902,
      "issueB": 0.10464,
      "issueC": 0.14694,
      "issueD": 0.48433,
      "issueE": 0.0047,
      "issueF": 0.15037
    },
    "domain": {
      "name": "domain40",
      "issuesValues": {
        "issueA": {
          "values": [
            "valueA",
            "valueB",
            "valueC"
          ]
        },
        "issueB": {
          "values": [
            "valueA",
            "valueB"
          ]
        },
        "issueC": {
          "values": [
            "valueA",
            "valueB",
            "valueC"
          ]
        },
        "issueD": {
          "values": [
            "valueA",
            "valueB",
            "valueC",
            "valueD",
            "valueE",
            "valueF",
            "valueG",
            "valueH",
            "valueI",
            "valueJ",
            "valueK",
            "valueL",
            "valueM",
            "valueN"
          ]
        },
        "issueE": {
          "values": [
            "valueA",
            "valueB",
            "valueC",
            "valueD",
            "valueE",
            "valueF"
          ]
        },
        "issueF": {
          "values": [
            "valueA",
            "valueB",
            "valueC",
            "valueD"
          ]
        }
      }
    },
    "name": "profileA"
  }
}