{
  "name": "domain07",
  "issuesValues": {
    "issueA": {
      "values": [
        "valueA",
        "valueB",
        "valueC",
        "valueD",
        "valueE",
        "valueF",
        "valueG",
        "valueH"
      ]
    },
    "issueB": {
      "values": [
        "valueA",
        "valueB",
        "valueC",
        "valueD",
        "valueE",
        "valueF",
        "valueG",
        "valueH",
        "valueI",
        "valueJ",
        "valueK",
        "valueL",
        "valueM",
        "valueN",
        "valueO",
        "valueP",
        "valueQ",
        "valueR",
        "valueS"
      ]
    },
    "issueC": {
      "values": [
        "valueA",
        "valueB",
        "valueC"
      ]
    },
    "issueD": {
      "values": [
        "valueA",
        "valueB",
        "valueC",
        "valueD",
        "valueE",
        "valueF",
        "valueG",
        "valueH",
        "valueI",
        "valueJ",
        "valueK",
        "valueL",
        "valueM",
        "valueN",
        "valueO",
        "valueP",
        "valueQ",
        "valueR",
        "valueS"
      ]
    }
  }
}