{
  "LinearAdditiveUtilitySpace": {
    "issueUtilities": {
      "issueA": {
        "DiscreteValueSetUtilities": {
          "valueUtilities": {
            "valueA": 1.0,
            "valueB": 0.20714,
            "valueC": 0.09964,
            "valueD": 0.21511,
            "valueE": 0.50128,
            "valueF": 0.04848,
            "valueG": 0.21886,
            "valueH": 0.03172,
            "valueI": 0.10452,
            "valueJ": 0.04611,
            "valueK": 0.31604,
            "valueL": 0.21269,
            "valueM": 0.0474,
            "valueN": 0.01455,
            "valueO": 0.15023,
            "valueP": 0.12293,
            "valueQ": 0.23388,
            "valueR": 0.03994,
            "valueS": 0.04935,
            "valueT": 0.0,
            "valueU": 0.14195,
            "valueV": 0.0056,
            "valueW": 0.0112,
            "valueX": 0.20277,
            "valueY": 0.77131,
            "valueZ": 0.28503
          }
        }
      },
      "issueB": {
        "DiscreteValueSetUtilities": {
          "valueUtilities": {
            "valueA": 0.70322,
            "valueB": 0.3027,
            "valueC": 1.0,
            "valueD": 0.0,
            "valueE": 0.54413,
            "valueF": 0.89703
          }
        }
      },
      "issueC": {
        "DiscreteValueSetUtilities": {
          "valueUtilities": {
            "valueA": 0.12073,
            "valueB": 0.45704,
            "valueC": 0.0,
            "valueD": 0.355,
            "valueE": 0.96073,
            "valueF": 1.0
          }
        }
      },
      "issueD": {
        "DiscreteValueSetUtilities": {
          "valueUtilities": {
            "valueA": 0.0,
            "valueB": 0.51501,
            "valueC": 1.0,
            "valueD": 0.15393
          }
        }
      }
    },
    "issueWeights": {
      "issueA": 0.21516,
      "issueB": 0.0606,
      "issueC": 0.23845,
      "issueD": 0.48579
    },
    "domain": {
      "name": "domain47",
      "issuesValues": {
        "issueA": {
          "values": [
            "valueA",
            "valueB",
            "valueC",
            "valueD",
            "valueE",
            "valueF",
            "valueG",
            "valueH",
            "valueI",
            "valueJ",
            "valueK",
            "valueL",
            "valueM",
            "valueN",
            "valueO",
            "valueP",
            "valueQ",
            "valueR",
            "valueS",
            "valueT",
            "valueU",
            "valueV",
            "valueW",
            "valueX",
            "valueY",
            "valueZ"
          ]
        },
        "issueB": {
          "values": [
            "valueA",
            "valueB",
            "valueC",
            "valueD",
            "valueE",
            "valueF"
          ]
        },
        "issueC": {
          "values": [
            "valueA",
            "valueB",
            "valueC",
            "valueD",
            "valueE",
            "valueF"
          ]
        },
        "issueD": {
          "values": [
            "valueA",
            "valueB",
            "valueC",
            "valueD"
          ]
        }
      }
    },
    "name": "profileB"
  }
}