{
  "LinearAdditiveUtilitySpace": {
    "issueUtilities": {
      "issueA": {
        "DiscreteValueSetUtilities": {
          "valueUtilities": {
            "valueA": 0.19346,
            "valueB": 0.0,
            "valueC": 1.0,
            "valueD": 0.10494,
            "valueE": 0.11748
          }
        }
      },
      "issueB": {
        "DiscreteValueSetUtilities": {
          "valueUtilities": {
            "valueA": 1.0,
            "valueB": 0.0,
            "valueC": 0.27546,
            "valueD": 0.03354,
            "valueE": 0.22879,
            "valueF": 0.30241,
            "valueG": 0.93327,
            "valueH": 0.49123,
            "valueI": 0.03433
          }
        }
      },
      "issueC": {
        "DiscreteValueSetUtilities": {
          "valueUtilities": {
            "valueA": 0.89907,
            "valueB": 0.0,
            "valueC": 1.0
          }
        }
      },
      "issueD": {
        "DiscreteValueSetUtilities": {
          "valueUtilities": {
            "valueA": 0.0,
            "valueB": 1.0,
            "valueC": 0.28447
          }
        }
      },
      "issueE": {
        "DiscreteValueSetUtilities": {
          "valueUtilities": {
            "valueA": 0.0,
            "valueB": 0.306,
            "valueC": 1.0,
            "valueD": 0.04802,
            "valueE": 0.02104
          }
        }
      },
      "issueF": {
        "DiscreteValueSetUtilities": {
          "valueUtilities": {
            "valueA": 0.94831,
            "valueB": 1.0,
            "valueC": 0.25352,
            "valueD": 0.0
          }
        }
      }
    },
    "issueWeights": {
      "issueA": 0.13384,
      "issueB": 0.04335,
      "issueC": 0.08472,
      "issueD": 0.19306,
      "issueE": 0.3774,
      "issueF": 0.16763
    },
    "domain": {
      "name": "domain29",
      "issuesValues": {
        "issueA": {
          "values": [
            "valueA",
            "valueB",
            "valueC",
            "valueD",
            "valueE"
          ]
        },
        "issueB": {
          "values": [
            "valueA",
            "valueB",
            "valueC",
            "valueD",
            "valueE",
            "valueF",
            "valueG",
            "valueH",
            "valueI"
          ]
        },
        "issueC": {
          "values": [
            "valueA",
            "valueB",
            "valueC"
          ]
        },
        "issueD": {
          "values": [
            "valueA",
            "valueB",
            "valueC"
          ]
        },
        "issueE": {
          "values": [
            "valueA",
            "valueB",
            "valueC",
            "valueD",
            "valueE"
          ]
        },
        "issueF": {
          "values": [
            "valueA",
            "valueB",
            "valueC",
            "valueD"
          ]
        }
      }
    },
    "name": "profileA"
  }
}