{
  "LinearAdditiveUtilitySpace": {
    "issueUtilities": {
      "issueA": {
        "DiscreteValueSetUtilities": {
          "valueUtilities": {
            "valueA": 0.16429,
            "valueB": 0.53536,
            "valueC": 0.0,
            "valueD": 0.1426,
            "valueE": 1.0
          }
        }
      },
      "issueB": {
        "DiscreteValueSetUtilities": {
          "valueUtilities": {
            "valueA": 0.42976,
            "valueB": 0.52465,
            "valueC": 0.05499,
            "valueD": 0.07624,
            "valueE": 0.1009,
            "valueF": 0.00538,
            "valueG": 1.0,
            "valueH": 0.0,
            "valueI": 0.30551
          }
        }
      },
      "issueC": {
        "DiscreteValueSetUtilities": {
          "valueUtilities": {
            "valueA": 0.49031,
            "valueB": 1.0,
            "valueC": 0.0
          }
        }
      },
      "issueD": {
        "DiscreteValueSetUtilities": {
          "valueUtilities": {
            "valueA": 0.0,
            "valueB": 0.09115,
            "valueC": 1.0
          }
        }
      },
      "issueE": {
        "DiscreteValueSetUtilities": {
          "valueUtilities": {
            "valueA": 1.0,
            "valueB": 0.8338,
            "valueC": 0.92687,
            "valueD": 0.0,
            "valueE": 0.2072
          }
        }
      },
      "issueF": {
        "DiscreteValueSetUtilities": {
          "valueUtilities": {
            "valueA": 0.07705,
            "valueB": 0.37945,
            "valueC": 1.0,
            "valueD": 0.0
          }
        }
      }
    },
    "issueWeights": {
      "issueA": 0.01776,
      "issueB": 0.13457,
      "issueC": 0.16324,
      "issueD": 0.07094,
      "issueE": 0.20581,
      "issueF": 0.40768
    },
    "domain": {
      "name": "domain29",
      "issuesValues": {
        "issueA": {
          "values": [
            "valueA",
            "valueB",
            "valueC",
            "valueD",
            "valueE"
          ]
        },
        "issueB": {
          "values": [
            "valueA",
            "valueB",
            "valueC",
            "valueD",
            "valueE",
            "valueF",
            "valueG",
            "valueH",
            "valueI"
          ]
        },
        "issueC": {
          "values": [
            "valueA",
            "valueB",
            "valueC"
          ]
        },
        "issueD": {
          "values": [
            "valueA",
            "valueB",
            "valueC"
          ]
        },
        "issueE": {
          "values": [
            "valueA",
            "valueB",
            "valueC",
            "valueD",
            "valueE"
          ]
        },
        "issueF": {
          "values": [
            "valueA",
            "valueB",
            "valueC",
            "valueD"
          ]
        }
      }
    },
    "name": "profileB"
  }
}