{
  "LinearAdditiveUtilitySpace": {
    "issueUtilities": {
      "issueA": {
        "DiscreteValueSetUtilities": {
          "valueUtilities": {
            "valueA": 1.0,
            "valueB": 0.0
          }
        }
      },
      "issueB": {
        "DiscreteValueSetUtilities": {
          "valueUtilities": {
            "valueA": 1.0,
            "valueB": 0.0
          }
        }
      },
      "issueC": {
        "DiscreteValueSetUtilities": {
          "valueUtilities": {
            "valueA": 0.23375,
            "valueB": 0.22663,
            "valueC": 0.11703,
            "valueD": 0.09556,
            "valueE": 0.19835,
            "valueF": 1.0,
            "valueG": 0.0,
            "valueH": 0.26464,
            "valueI": 0.42423,
            "valueJ": 0.16742,
            "valueK": 0.09498,
            "valueL": 0.05273,
            "valueM": 0.55732
          }
        }
      },
      "issueD": {
        "DiscreteValueSetUtilities": {
          "valueUtilities": {
            "valueA": 0.0,
            "valueB": 1.0,
            "valueC": 0.51491,
            "valueD": 0.22785,
            "valueE": 0.35463
          }
        }
      },
      "issueE": {
        "DiscreteValueSetUtilities": {
          "valueUtilities": {
            "valueA": 1.0,
            "valueB": 0.0,
            "valueC": 0.20795
          }
        }
      },
      "issueF": {
        "DiscreteValueSetUtilities": {
          "valueUtilities": {
            "valueA": 0.0,
            "valueB": 1.0,
            "valueC": 0.86668,
            "valueD": 0.03153
          }
        }
      }
    },
    "issueWeights": {
      "issueA": 0.00093,
      "issueB": 0.31077,
      "issueC": 0.2767,
      "issueD": 0.04905,
      "issueE": 0.10583,
      "issueF": 0.25672
    },
    "domain": {
      "name": "domain45",
      "issuesValues": {
        "issueA": {
          "values": [
            "valueA",
            "valueB"
          ]
        },
        "issueB": {
          "values": [
            "valueA",
            "valueB"
          ]
        },
        "issueC": {
          "values": [
            "valueA",
            "valueB",
            "valueC",
            "valueD",
            "valueE",
            "valueF",
            "valueG",
            "valueH",
            "valueI",
            "valueJ",
            "valueK",
            "valueL",
            "valueM"
          ]
        },
        "issueD": {
          "values": [
            "valueA",
            "valueB",
            "valueC",
            "valueD",
            "valueE"
          ]
        },
        "issueE": {
          "values": [
            "valueA",
            "valueB",
            "valueC"
          ]
        },
        "issueF": {
          "values": [
            "valueA",
            "valueB",
            "valueC",
            "valueD"
          ]
        }
      }
    },
    "name": "profileA"
  }
}