{
  "LinearAdditiveUtilitySpace": {
    "issueUtilities": {
      "issueA": {
        "DiscreteValueSetUtilities": {
          "valueUtilities": {
            "valueA": 0.0,
            "valueB": 0.54104,
            "valueC": 1.0
          }
        }
      },
      "issueB": {
        "DiscreteValueSetUtilities": {
          "valueUtilities": {
            "valueA": 0.09595,
            "valueB": 1.0,
            "valueC": 0.44469,
            "valueD": 0.0651,
            "valueE": 0.07396,
            "valueF": 0.33373,
            "valueG": 0.0,
            "valueH": 0.11363
          }
        }
      },
      "issueC": {
        "DiscreteValueSetUtilities": {
          "valueUtilities": {
            "valueA": 1.0,
            "valueB": 0.0
          }
        }
      },
      "issueD": {
        "DiscreteValueSetUtilities": {
          "valueUtilities": {
            "valueA": 0.12574,
            "valueB": 0.37198,
            "valueC": 0.70969,
            "valueD": 0.0,
            "valueE": 0.02171,
            "valueF": 0.37156,
            "valueG": 0.01843,
            "valueH": 0.09554,
            "valueI": 1.0
          }
        }
      },
      "issueE": {
        "DiscreteValueSetUtilities": {
          "valueUtilities": {
            "valueA": 0.3732,
            "valueB": 0.75953,
            "valueC": 0.0076,
            "valueD": 0.40753,
            "valueE": 0.06418,
            "valueF": 0.69877,
            "valueG": 0.11276,
            "valueH": 0.09912,
            "valueI": 0.0,
            "valueJ": 1.0,
            "valueK": 0.22672,
            "valueL": 0.00841,
            "valueM": 0.04506,
            "valueN": 0.34734,
            "valueO": 0.21127
          }
        }
      }
    },
    "issueWeights": {
      "issueA": 0.06209,
      "issueB": 0.26999,
      "issueC": 0.10377,
      "issueD": 0.46332,
      "issueE": 0.10083
    },
    "domain": {
      "name": "domain00",
      "issuesValues": {
        "issueA": {
          "values": [
            "valueA",
            "valueB",
            "valueC"
          ]
        },
        "issueB": {
          "values": [
            "valueA",
            "valueB",
            "valueC",
            "valueD",
            "valueE",
            "valueF",
            "valueG",
            "valueH"
          ]
        },
        "issueC": {
          "values": [
            "valueA",
            "valueB"
          ]
        },
        "issueD": {
          "values": [
            "valueA",
            "valueB",
            "valueC",
            "valueD",
            "valueE",
            "valueF",
            "valueG",
            "valueH",
            "valueI"
          ]
        },
        "issueE": {
          "values": [
            "valueA",
            "valueB",
            "valueC",
            "valueD",
            "valueE",
            "valueF",
            "valueG",
            "valueH",
            "valueI",
            "valueJ",
            "valueK",
            "valueL",
            "valueM",
            "valueN",
            "valueO"
          ]
        }
      }
    },
    "name": "profileB"
  }
}