{
  "LinearAdditiveUtilitySpace": {
    "issueUtilities": {
      "issueA": {
        "DiscreteValueSetUtilities": {
          "valueUtilities": {
            "valueA": 0.04215,
            "valueB": 0.41107,
            "valueC": 1.0,
            "valueD": 0.0,
            "valueE": 0.07147,
            "valueF": 0.47657,
            "valueG": 0.0381,
            "valueH": 0.56365,
            "valueI": 0.02991,
            "valueJ": 0.24492,
            "valueK": 0.04496,
            "valueL": 0.52687,
            "valueM": 0.2348,
            "valueN": 0.03968,
            "valueO": 0.0267,
            "valueP": 0.13574,
            "valueQ": 0.67125,
            "valueR": 0.06984,
            "valueS": 0.26753
          }
        }
      },
      "issueB": {
        "DiscreteValueSetUtilities": {
          "valueUtilities": {
            "valueA": 0.75819,
            "valueB": 1.0,
            "valueC": 0.79071,
            "valueD": 0.0
          }
        }
      },
      "issueC": {
        "DiscreteValueSetUtilities": {
          "valueUtilities": {
            "valueA": 0.0,
            "valueB": 1.0,
            "valueC": 0.58776,
            "valueD": 0.4259
          }
        }
      },
      "issueD": {
        "DiscreteValueSetUtilities": {
          "valueUtilities": {
            "valueA": 1.0,
            "valueB": 0.0
          }
        }
      },
      "issueE": {
        "DiscreteValueSetUtilities": {
          "valueUtilities": {
            "valueA": 1.0,
            "valueB": 0.12943,
            "valueC": 0.0
          }
        }
      },
      "issueF": {
        "DiscreteValueSetUtilities": {
          "valueUtilities": {
            "valueA": 1.0,
            "valueB": 0.0
          }
        }
      }
    },
    "issueWeights": {
      "issueA": 0.27487,
      "issueB": 0.02151,
      "issueC": 0.47061,
      "issueD": 0.14735,
      "issueE": 0.06426,
      "issueF": 0.0214
    },
    "domain": {
      "name": "domain04",
      "issuesValues": {
        "issueA": {
          "values": [
            "valueA",
            "valueB",
            "valueC",
            "valueD",
            "valueE",
            "valueF",
            "valueG",
            "valueH",
            "valueI",
            "valueJ",
            "valueK",
            "valueL",
            "valueM",
            "valueN",
            "valueO",
            "valueP",
            "valueQ",
            "valueR",
            "valueS"
          ]
        },
        "issueB": {
          "values": [
            "valueA",
            "valueB",
            "valueC",
            "valueD"
          ]
        },
        "issueC": {
          "values": [
            "valueA",
            "valueB",
            "valueC",
            "valueD"
          ]
        },
        "issueD": {
          "values": [
            "valueA",
            "valueB"
          ]
        },
        "issueE": {
          "values": [
            "valueA",
            "valueB",
            "valueC"
          ]
        },
        "issueF": {
          "values": [
            "valueA",
            "valueB"
          ]
        }
      }
    },
    "name": "profileB"
  }
}