{
  "LinearAdditiveUtilitySpace": {
    "issueUtilities": {
      "issueA": {
        "DiscreteValueSetUtilities": {
          "valueUtilities": {
            "valueA": 1.0,
            "valueB": 0.0
          }
        }
      },
      "issueB": {
        "DiscreteValueSetUtilities": {
          "valueUtilities": {
            "valueA": 0.0,
            "valueB": 0.65979,
            "valueC": 1.0,
            "valueD": 0.22504,
            "valueE": 0.30498
          }
        }
      },
      "issueC": {
        "DiscreteValueSetUtilities": {
          "valueUtilities": {
            "valueA": 0.10843,
            "valueB": 0.62503,
            "valueC": 0.02565,
            "valueD": 0.72717,
            "valueE": 0.17562,
            "valueF": 0.17775,
            "valueG": 0.0,
            "valueH": 0.10485,
            "valueI": 0.31813,
            "valueJ": 0.12886,
            "valueK": 0.62571,
            "valueL": 0.16797,
            "valueM": 0.0818,
            "valueN": 0.0302,
            "valueO": 0.98276,
            "valueP": 0.27737,
            "valueQ": 0.01026,
            "valueR": 0.16168,
            "valueS": 0.54826,
            "valueT": 0.8813,
            "valueU": 1.0,
            "valueV": 0.90763,
            "valueW": 0.21279,
            "valueX": 0.40884,
            "valueY": 0.09594,
            "valueZ": 0.23661
          }
        }
      },
      "issueD": {
        "DiscreteValueSetUtilities": {
          "valueUtilities": {
            "valueA": 0.23784,
            "valueB": 0.31687,
            "valueC": 0.54581,
            "valueD": 0.06782,
            "valueE": 0.66047,
            "valueF": 0.77958,
            "valueG": 1.0,
            "valueH": 0.32979,
            "valueI": 0.15232,
            "valueJ": 0.18038,
            "valueK": 0.31782,
            "valueL": 0.27755,
            "valueM": 0.88629,
            "valueN": 0.00012,
            "valueO": 0.11949,
            "valueP": 0.17224,
            "valueQ": 0.0544,
            "valueR": 0.18967,
            "valueS": 0.0
          }
        }
      }
    },
    "issueWeights": {
      "issueA": 0.77138,
      "issueB": 0.00888,
      "issueC": 0.09704,
      "issueD": 0.1227
    },
    "domain": {
      "name": "domain18",
      "issuesValues": {
        "issueA": {
          "values": [
            "valueA",
            "valueB"
          ]
        },
        "issueB": {
          "values": [
            "valueA",
            "valueB",
            "valueC",
            "valueD",
            "valueE"
          ]
        },
        "issueC": {
          "values": [
            "valueA",
            "valueB",
            "valueC",
            "valueD",
            "valueE",
            "valueF",
            "valueG",
            "valueH",
            "valueI",
            "valueJ",
            "valueK",
            "valueL",
            "valueM",
            "valueN",
            "valueO",
            "valueP",
            "valueQ",
            "valueR",
            "valueS",
            "valueT",
            "valueU",
            "valueV",
            "valueW",
            "valueX",
            "valueY",
            "valueZ"
          ]
        },
        "issueD": {
          "values": [
            "valueA",
            "valueB",
            "valueC",
            "valueD",
            "valueE",
            "valueF",
            "valueG",
            "valueH",
            "valueI",
            "valueJ",
            "valueK",
            "valueL",
            "valueM",
            "valueN",
            "valueO",
            "valueP",
            "valueQ",
            "valueR",
            "valueS"
          ]
        }
      }
    },
    "name": "profileA"
  }
}