{
  "LinearAdditiveUtilitySpace": {
    "issueUtilities": {
      "issueA": {
        "DiscreteValueSetUtilities": {
          "valueUtilities": {
            "valueA": 0.0,
            "valueB": 1.0
          }
        }
      },
      "issueB": {
        "DiscreteValueSetUtilities": {
          "valueUtilities": {
            "valueA": 0.0,
            "valueB": 0.35554,
            "valueC": 0.12916,
            "valueD": 0.70187,
            "valueE": 1.0,
            "valueF": 0.04463,
            "valueG": 0.69275,
            "valueH": 0.27293,
            "valueI": 0.40618,
            "valueJ": 0.06381
          }
        }
      },
      "issueC": {
        "DiscreteValueSetUtilities": {
          "valueUtilities": {
            "valueA": 0.00229,
            "valueB": 0.09245,
            "valueC": 0.12026,
            "valueD": 0.00582,
            "valueE": 0.01942,
            "valueF": 0.08626,
            "valueG": 0.00962,
            "valueH": 0.20247,
            "valueI": 0.48909,
            "valueJ": 0.43328,
            "valueK": 0.03849,
            "valueL": 0.53024,
            "valueM": 0.0566,
            "valueN": 0.21554,
            "valueO": 0.0,
            "valueP": 0.99046,
            "valueQ": 0.31761,
            "valueR": 0.04326,
            "valueS": 0.84256,
            "valueT": 1.0,
            "valueU": 0.62613,
            "valueV": 0.84777,
            "valueW": 0.40794,
            "valueX": 0.70701,
            "valueY": 0.45589,
            "valueZ": 0.03355
          }
        }
      },
      "issueD": {
        "DiscreteValueSetUtilities": {
          "valueUtilities": {
            "valueA": 0.00908,
            "valueB": 0.07121,
            "valueC": 1.0,
            "valueD": 0.0,
            "valueE": 0.10923,
            "valueF": 0.00144,
            "valueG": 0.08188,
            "valueH": 0.03773,
            "valueI": 0.33088,
            "valueJ": 0.00642
          }
        }
      }
    },
    "issueWeights": {
      "issueA": 0.16559,
      "issueB": 0.29484,
      "issueC": 0.17041,
      "issueD": 0.36916
    },
    "domain": {
      "name": "domain11",
      "issuesValues": {
        "issueA": {
          "values": [
            "valueA",
            "valueB"
          ]
        },
        "issueB": {
          "values": [
            "valueA",
            "valueB",
            "valueC",
            "valueD",
            "valueE",
            "valueF",
            "valueG",
            "valueH",
            "valueI",
            "valueJ"
          ]
        },
        "issueC": {
          "values": [
            "valueA",
            "valueB",
            "valueC",
            "valueD",
            "valueE",
            "valueF",
            "valueG",
            "valueH",
            "valueI",
            "valueJ",
            "valueK",
            "valueL",
            "valueM",
            "valueN",
            "valueO",
            "valueP",
            "valueQ",
            "valueR",
            "valueS",
            "valueT",
            "valueU",
            "valueV",
            "valueW",
            "valueX",
            "valueY",
            "valueZ"
          ]
        },
        "issueD": {
          "values": [
            "valueA",
            "valueB",
            "valueC",
            "valueD",
            "valueE",
            "valueF",
            "valueG",
            "valueH",
            "valueI",
            "valueJ"
          ]
        }
      }
    },
    "name": "profileA"
  }
}