{
  "name": "domain14",
  "issuesValues": {
    "issueA": {
      "values": [
        "valueA",
        "valueB",
        "valueC",
        "valueD"
      ]
    },
    "issueB": {
      "values": [
        "valueA",
        "valueB",
        "valueC"
      ]
    },
    "issueC": {
      "values": [
        "valueA",
        "valueB"
      ]
    },
    "issueD": {
      "values": [
        "valueA",
        "valueB"
      ]
    },
    "issueE": {
      "values": [
        "valueA",
        "valueB",
        "valueC",
        "valueD",
        "valueE"
      ]
    },
    "issueF": {
      "values": [
        "valueA",
        "valueB",
        "valueC",
        "valueD",
        "valueE"
      ]
    },
    "issueG": {
      "values": [
        "valueA",
        "valueB",
        "valueC"
      ]
    }
  }
}