{
  "name": "domain43",
  "issuesValues": {
    "issueA": {
      "values": [
        "valueA",
        "valueB",
        "valueC",
        "valueD",
        "valueE",
        "valueF"
      ]
    },
    "issueB": {
      "values": [
        "valueA",
        "valueB",
        "valueC",
        "valueD",
        "valueE",
        "valueF",
        "valueG",
        "valueH",
        "valueI",
        "valueJ",
        "valueK",
        "valueL",
        "valueM"
      ]
    },
    "issueC": {
      "values": [
        "valueA",
        "valueB"
      ]
    },
    "issueD": {
      "values": [
        "valueA",
        "valueB",
        "valueC",
        "valueD",
        "valueE",
        "valueF",
        "valueG",
        "valueH",
        "valueI",
        "valueJ",
        "valueK",
        "valueL",
        "valueM"
      ]
    },
    "issueE": {
      "values": [
        "valueA",
        "valueB"
      ]
    },
    "issueF": {
      "values": [
        "valueA",
        "valueB"
      ]
    }
  }
}