{
  "LinearAdditiveUtilitySpace": {
    "issueUtilities": {
      "issueA": {
        "DiscreteValueSetUtilities": {
          "valueUtilities": {
            "valueA": 1.0,
            "valueB": 0.03808,
            "valueC": 0.0854,
            "valueD": 0.03408,
            "valueE": 0.29674,
            "valueF": 0.0
          }
        }
      },
      "issueB": {
        "DiscreteValueSetUtilities": {
          "valueUtilities": {
            "valueA": 0.04315,
            "valueB": 0.63896,
            "valueC": 0.00405,
            "valueD": 0.13272,
            "valueE": 1.0,
            "valueF": 0.73,
            "valueG": 0.01378,
            "valueH": 0.00878,
            "valueI": 0.09109,
            "valueJ": 0.93472,
            "valueK": 0.0,
            "valueL": 0.12402,
            "valueM": 0.70622
          }
        }
      },
      "issueC": {
        "DiscreteValueSetUtilities": {
          "valueUtilities": {
            "valueA": 1.0,
            "valueB": 0.0
          }
        }
      },
      "issueD": {
        "DiscreteValueSetUtilities": {
          "valueUtilities": {
            "valueA": 0.02809,
            "valueB": 0.06409,
            "valueC": 1.0,
            "valueD": 0.0,
            "valueE": 0.06505,
            "valueF": 0.09714,
            "valueG": 0.19219,
            "valueH": 0.02629,
            "valueI": 0.64465,
            "valueJ": 0.04614,
            "valueK": 0.10188,
            "valueL": 0.04286,
            "valueM": 0.42478
          }
        }
      },
      "issueE": {
        "DiscreteValueSetUtilities": {
          "valueUtilities": {
            "valueA": 1.0,
            "valueB": 0.0
          }
        }
      },
      "issueF": {
        "DiscreteValueSetUtilities": {
          "valueUtilities": {
            "valueA": 1.0,
            "valueB": 0.0
          }
        }
      }
    },
    "issueWeights": {
      "issueA": 0.15602,
      "issueB": 0.1356,
      "issueC": 0.13246,
      "issueD": 0.25086,
      "issueE": 0.25012,
      "issueF": 0.07494
    },
    "domain": {
      "name": "domain43",
      "issuesValues": {
        "issueA": {
          "values": [
            "valueA",
            "valueB",
            "valueC",
            "valueD",
            "valueE",
            "valueF"
          ]
        },
        "issueB": {
          "values": [
            "valueA",
            "valueB",
            "valueC",
            "valueD",
            "valueE",
            "valueF",
            "valueG",
            "valueH",
            "valueI",
            "valueJ",
            "valueK",
            "valueL",
            "valueM"
          ]
        },
        "issueC": {
          "values": [
            "valueA",
            "valueB"
          ]
        },
        "issueD": {
          "values": [
            "valueA",
            "valueB",
            "valueC",
            "valueD",
            "valueE",
            "valueF",
            "valueG",
            "valueH",
            "valueI",
            "valueJ",
            "valueK",
            "valueL",
            "valueM"
          ]
        },
        "issueE": {
          "values": [
            "valueA",
            "valueB"
          ]
        },
        "issueF": {
          "values": [
            "valueA",
            "valueB"
          ]
        }
      }
    },
    "name": "profileB"
  }
}